City,Latitude,Longitute,Max Temp (F),Humidity,Cloudiness,Wind Speed,Country,Date
Port Elizabeth,-33.918,25.5701,51.8,87,0,3.44,ZA,1618720191
Vung Tau,10.346,107.0843,83.73,63,95,7.96,VN,1618720191
Bluff,-46.6,168.3333,57.99,67,86,15.99,NZ,1618720023
Ardeşen,41.1911,40.9875,60.8,67,75,20.71,TR,1618720192
Mehamn,71.0357,27.8492,34.93,78,78,13.82,NO,1618720040
Whitehorse,60.7161,-135.0538,48.2,40,1,4.61,CA,1618720097
Qaanaaq,77.484,-69.3632,-2.22,94,100,6.64,GL,1618720193
Punta Arenas,-53.15,-70.9167,46.4,81,75,4.61,CL,1618720193
Monrovia,6.3005,-10.7969,76.68,82,94,1.5,LR,1618720193
Udachny,66.4167,112.4,10.38,81,100,17.34,RU,1618720151
Arraial do Cabo,-22.9661,-42.0278,75.52,81,99,21.97,BR,1618720190
Longyearbyen,78.2186,15.6401,35.6,69,40,10.36,SJ,1618720008
Hobart,-42.8794,147.3294,62.6,51,75,17.27,AU,1618720194
East London,-33.0153,27.9116,51.8,87,0,4.61,ZA,1618720195
Saskylakh,71.9167,114.0833,12.02,88,100,12.77,RU,1618720195
Mount Gambier,-37.8333,140.7667,64.4,63,90,12.66,AU,1618720155
Mataura,-46.1927,168.8643,57.99,67,59,15.99,NZ,1618720001
Kavieng,-2.5744,150.7967,83.08,75,57,9.35,PG,1618720196
Port Blair,11.6667,92.75,86.07,64,13,5.35,IN,1618720196
Vardø,70.3705,31.1107,34.66,90,50,14.41,NO,1618720196
Port Jervis,41.3751,-74.6927,43.0,80,100,4.14,US,1618720197
Lüderitz,-26.6481,15.1594,76.44,39,4,6.51,NA,1618720197
Souillac,-20.5167,57.5167,80.6,78,75,6.91,MU,1618720197
Atuona,-9.8,-139.0333,80.74,74,36,18.95,PF,1618720198
Warsaw,52.2298,21.0118,43.0,100,90,4.61,PL,1618719985
Busselton,-33.65,115.3333,75.99,45,0,1.99,AU,1618720198
Chokurdakh,70.6333,147.9167,21.09,92,77,8.1,RU,1618720199
Eschwege,51.1833,10.0667,41.0,92,99,1.01,DE,1618720199
Chui,-33.6971,-53.4616,63.45,90,44,4.72,UY,1618720001
Hilo,19.7297,-155.09,78.8,57,20,6.91,US,1618720200
Skjervøy,70.0311,20.9714,38.55,64,71,10.0,NO,1618719996
Tamiahua,21.2667,-97.45,70.66,85,100,20.13,MX,1618720200
Airai,-8.9266,125.4092,69.15,70,85,4.56,TL,1618720201
Asekeyevo,53.5742,52.7972,51.1,45,0,12.59,RU,1618720201
Ust-Kuyga,70.0167,135.6,15.78,86,100,8.48,RU,1618720202
Te Anau,-45.4167,167.7167,53.47,74,88,6.76,NZ,1618720202
Pāsighāt,28.0667,95.3333,80.01,57,77,6.29,IN,1618720203
Belaya Gora,68.5333,146.4167,28.27,74,10,8.01,RU,1618720203
Saint George,37.1041,-113.5841,60.8,17,1,13.8,US,1618720064
Rikitea,-23.1203,-134.9692,77.31,69,31,4.03,PF,1618720203
Rājbirāj,26.5333,86.75,90.52,38,4,12.41,NP,1618720204
Jalu,29.0331,21.5482,78.49,20,47,9.13,LY,1618720204
Huarmey,-10.0681,-78.1522,68.13,87,97,5.73,PE,1618720205
Barrow,71.2906,-156.7887,33.8,75,1,12.66,US,1618720205
Adrar,20.5022,-10.0711,68.32,27,0,9.57,MR,1618720206
Upington,-28.4478,21.2561,62.6,51,0,4.61,ZA,1618720206
Thompson,55.7435,-97.8558,26.6,74,90,16.11,CA,1618720207
Laas,46.6166,10.7002,36.0,74,0,5.75,IT,1618720207
Muros,42.7762,-9.0603,46.0,86,94,7.63,ES,1618720095
Camaná,-16.6228,-72.7111,68.23,79,23,7.0,PE,1618720207
New Norfolk,-42.7826,147.0587,62.01,74,100,3.0,AU,1618719991
Ayr,55.4627,-4.6339,44.6,70,100,9.22,GB,1618720208
Nokaneng,-19.6667,22.2667,59.61,62,0,9.22,BW,1618720208
Ushuaia,-54.8,-68.3,50.0,62,40,4.61,AR,1618720209
Saint Paul Harbor,57.79,-152.4072,41.0,87,90,4.61,US,1618720209
Cherskiy,68.75,161.3,31.51,72,100,26.64,RU,1618720210
Ucluelet,48.9329,-125.5528,57.99,60,0,4.47,CA,1618720010
Ocós,14.5094,-92.1933,80.6,94,1,5.77,GT,1618720211
Price,39.5994,-110.8107,35.6,35,1,9.22,US,1618720211
Gbarnga,6.9956,-9.4722,71.58,90,100,0.56,LR,1618720211
Castro,-24.7911,-50.0119,55.44,96,3,2.57,BR,1618720212
Carnarvon,-24.8667,113.6333,82.53,42,16,8.32,AU,1618720212
Ancud,-41.8697,-73.8203,53.6,87,40,10.36,CL,1618720213
Khatanga,71.9667,102.5,4.73,87,100,13.15,RU,1618720213
Butaritari,3.0707,172.7902,82.17,77,99,9.26,KI,1618720213
Nikolskoye,59.7035,30.7861,43.0,49,0,2.24,RU,1618720010
Tiksi,71.6872,128.8694,10.13,80,100,7.61,RU,1618720214
Puerto Ayora,-0.7393,-90.3518,73.99,100,70,3.02,EC,1618720141
Andra,62.5147,65.8878,15.26,55,42,11.25,RU,1618720215
Tiarei,-17.5333,-149.3333,84.0,74,20,8.05,PF,1618720215
Banyo,6.75,11.8167,67.53,86,100,0.74,CM,1618720215
Taoudenni,22.6783,-3.9836,75.16,23,0,15.01,ML,1618720216
Port Alfred,-33.5906,26.891,67.08,30,3,8.1,ZA,1618720216
George Town,5.4112,100.3354,89.01,70,40,5.75,MY,1618720217
Altamont,42.2068,-121.7372,54.0,32,1,3.44,US,1618720217
Hillsborough,37.5741,-122.3794,57.0,71,20,9.22,US,1618720218
Coquimbo,-29.9533,-71.3436,57.2,88,90,2.3,CL,1618720218
Tasiilaq,65.6145,-37.6368,23.0,80,90,2.35,GL,1618720218
Villazón,-22.0866,-65.5942,46.06,84,7,8.97,BO,1618720219
Albany,42.6001,-73.9662,41.0,77,94,2.51,US,1618720150
Vaini,-21.2,-175.2,78.8,73,20,9.22,TO,1618720219
Corpus Christi,27.8006,-97.3964,64.4,67,90,14.97,US,1618720207
Tuktoyaktuk,69.4541,-133.0374,23.0,80,75,8.05,CA,1618720220
Geraldton,-28.7667,114.6,87.8,18,0,9.22,AU,1618720007
Tyukalinsk,55.8732,72.1967,43.93,69,100,14.76,RU,1618720220
Upernavik,72.7868,-56.1549,6.08,88,100,9.6,GL,1618720221
Hermanus,-34.4187,19.2345,72.0,22,0,8.7,ZA,1618720221
Peace River,56.2501,-117.286,39.2,75,90,20.71,CA,1618720222
Narsaq,60.9167,-46.05,19.4,42,20,2.3,GL,1618720222
Khokhlovo,59.1492,37.3998,39.2,52,0,8.95,RU,1618720222
Osypenko,46.9136,36.8253,45.0,100,95,5.99,UA,1618720223
Faanui,-16.4833,-151.75,82.42,72,34,9.33,PF,1618720223
Atar,20.5169,-13.0499,71.1,28,0,8.3,MR,1618720223
Dunedin,-45.8742,170.5036,62.01,56,97,3.33,NZ,1618720097
Kapaa,22.0752,-159.319,73.4,56,90,11.5,US,1618720224
Vao,-22.6667,167.4833,75.0,78,61,17.31,NC,1618720224
Fort Collins,40.5853,-105.0844,37.99,51,1,8.05,US,1618720064
Lebu,-37.6167,-73.65,55.0,88,99,6.93,CL,1618720225
Jamestown,42.097,-79.2353,41.0,81,90,5.75,US,1618720212
Ambilobe,-13.2,49.05,74.64,91,89,3.22,MG,1618720118
Cidreira,-30.1811,-50.2056,69.46,87,94,4.52,BR,1618720225
Isangel,-19.55,169.2667,82.4,78,75,12.66,VU,1618720225
Cape Town,-33.9258,18.4232,72.0,67,0,4.61,ZA,1618720204
Gondanglegi,-7.7479,112.0132,86.02,67,92,3.02,ID,1618720226
Anloga,5.7947,0.8973,80.6,78,20,9.22,GH,1618720226
Bambous Virieux,-20.3428,57.7575,80.6,78,75,6.91,MU,1618720227
Caravelas,-17.7125,-39.2481,72.01,91,26,4.07,BR,1618720227
Pánormos,35.4182,24.6909,75.99,44,100,5.64,GR,1618720228
Saint-Philippe,-21.3585,55.7679,78.8,83,90,5.75,RE,1618720069
Gillette,44.2911,-105.5022,41.0,80,40,4.61,US,1618720051
Pandan,14.0453,124.1694,78.8,90,100,31.79,PH,1618720228
Bethel,41.3712,-73.414,46.4,71,90,3.6,US,1618720229
Makakilo City,21.3469,-158.0858,77.0,57,1,8.05,US,1618720018
Nipawin,53.3668,-104.0009,37.4,65,90,14.97,CA,1618720229
Sangar,63.9242,127.4739,20.28,84,100,7.43,RU,1618720230
San Patricio,28.017,-97.5169,62.6,67,90,14.97,US,1618720028
Ndago,-4.6,34.35,62.83,82,91,11.52,TZ,1618720231
Martapura,-3.4167,114.85,89.6,62,20,6.91,ID,1618720231
Araouane,18.9048,-3.5265,77.04,18,45,10.4,ML,1618720231
Örnsköldsvik,63.2909,18.7153,26.6,100,7,4.61,SE,1618720139
Kargasok,59.0556,80.8572,23.99,44,96,10.67,RU,1618720232
Yining,29.0361,114.5636,59.22,73,100,0.4,CN,1618720232
Hithadhoo,-0.6,73.0833,82.31,62,54,4.99,MV,1618720233
Departamento de Maldonado,-34.6667,-54.9167,63.0,100,0,2.3,UY,1618720233
Vaitape,-16.5167,-151.75,82.44,72,35,9.31,PF,1618720233
Jasper,37.2001,-94.3502,46.99,87,90,4.61,US,1618720234
Catuday,16.2923,119.8062,82.63,66,66,5.91,PH,1618720234
Niamey,13.5137,2.1098,87.8,33,0,13.8,NE,1618720235
Santo Domingo,18.5001,-69.9886,79.0,100,20,4.61,DO,1618720055
Goundam,16.4145,-3.6708,80.62,21,22,8.75,ML,1618720235
Den Helder,52.9599,4.7593,41.0,100,98,4.61,NL,1618720236
Bougouni,11.417,-7.479,80.13,55,100,3.8,ML,1618720236
Erzurum Province,40.0,41.5,39.2,87,0,2.3,TR,1618720236
Kupang,-10.1667,123.5833,85.55,61,83,12.91,ID,1618720237
La Rioja,42.25,-2.5,44.6,65,90,11.5,ES,1618720237
Ternate,0.8,127.4,83.75,73,80,10.16,ID,1618720238
Hobyo,5.3505,48.5268,85.39,61,58,11.18,SO,1618720238
Verkhniy Tagil,57.3733,59.9556,35.74,91,41,11.12,RU,1618720238
Mossamedes,-15.1961,12.1522,81.25,67,3,5.73,AO,1618720174
Bredasdorp,-34.5322,20.0403,46.4,87,0,8.05,ZA,1618720239
Kumul,42.8,93.45,72.45,9,93,5.59,CN,1618720239
Opuwo,-18.0607,13.84,70.95,44,99,8.57,NA,1618720240
Salgueiro,-8.0742,-39.1192,69.96,87,100,4.36,BR,1618720240
Avarua,-21.2078,-159.775,80.6,78,20,5.75,CK,1618719984
Makkah al Mukarramah,21.4267,39.8261,84.9,37,75,4.47,SA,1618720241
Torbay,47.6666,-52.7314,35.01,100,90,16.11,CA,1618720241
Takoradze,4.8845,-1.7554,79.39,83,99,5.86,GH,1618720242
Río Gallegos,-51.6226,-69.2181,49.01,60,23,9.24,AR,1618720242
Calvià,39.5657,2.5062,45.0,68,24,4.29,ES,1618720243
Sabzawār,36.2126,57.6819,60.8,51,0,18.41,IR,1618720224
Dikson,73.5069,80.5464,-2.43,94,59,4.07,RU,1618719999
Hong Kong,22.2855,114.1577,77.0,63,62,23.13,HK,1618720204
Charters Towers,-20.1,146.2667,81.07,48,44,11.72,AU,1618720244
Belyy Yar,53.6039,91.3903,33.8,47,0,6.71,RU,1618720244
Tsiroanomandidy,-18.7667,46.0333,67.14,77,14,9.08,MG,1618720245
Mar del Plata,-38.0023,-57.5575,66.99,94,0,6.91,AR,1618720151
Korla,41.7597,86.1469,71.69,13,96,12.55,CN,1618720245
Chara,56.9064,118.2631,24.04,84,100,8.01,RU,1618720246
Luau,-10.7073,22.2247,62.56,93,96,3.65,AO,1618720246
Kharan,28.5833,65.4167,85.24,11,74,5.57,PK,1618720247
Doha,25.2867,51.5333,82.4,20,0,11.5,QA,1618720247
Thunder Bay,48.4001,-89.3168,33.01,80,1,2.3,CA,1618720247
Wuning,29.2589,120.2311,69.17,44,100,4.32,CN,1618720248
Ganzhou,28.8184,115.4327,61.63,71,100,4.76,CN,1618720248
Maţāy,28.419,30.7792,80.49,17,0,3.4,EG,1618720249
Iqaluit,63.7506,-68.5145,14.0,67,75,3.44,CA,1618720181
Deming,32.2687,-107.7586,55.4,35,1,17.27,US,1618720249
Kieta,-6.2167,155.6333,84.29,75,88,1.34,PG,1618720250
Baoqing,46.3317,132.2111,53.85,46,66,12.19,CN,1618720250
Saint-François,46.4154,3.9054,37.4,87,0,2.3,FR,1618720040
Honningsvåg,70.9821,25.9704,35.69,81,91,20.67,NO,1618720251
Marijampolė,54.5667,23.35,41.0,87,94,2.3,LT,1618720251
Yellowknife,62.456,-114.3525,32.0,80,40,8.05,CA,1618719963
Gouyave,12.1646,-61.7296,80.6,78,20,17.27,GD,1618720252
Balikpapan,-1.2675,116.8289,82.24,73,97,1.19,ID,1618720252
Kampong Thom,12.7111,104.8887,92.43,49,95,4.54,KH,1618720253
Mahébourg,-20.4081,57.7,80.6,78,75,6.91,MU,1618720103
Māndal,25.45,74.5667,92.8,17,0,8.05,IN,1618720253
Trivandrum,8.4833,76.9167,87.8,70,75,5.75,IN,1618720207
Raglan,-37.8,174.8833,63.0,97,91,8.99,NZ,1618720254
Lagoa,39.05,-27.9833,60.62,89,38,17.87,PT,1618720254
Chirongui,-12.9319,45.1483,80.6,78,75,14.97,YT,1618720254
Kahului,20.8947,-156.47,75.2,73,40,11.5,US,1618720255
Ribeira Grande,38.5167,-28.7,61.65,90,44,12.59,PT,1618719997
Ilulissat,69.2167,-51.1,6.8,56,40,20.71,GL,1618720255
Laguna,38.421,-121.4238,75.2,16,1,8.05,US,1618720256
Ponta do Sol,32.6667,-17.1,55.99,73,69,5.01,PT,1618720256
Moranbah,-22.0016,148.0466,83.21,36,1,13.47,AU,1618720257
Alofi,-19.0595,-169.9187,82.4,65,4,6.91,NU,1618720257
Kaitangata,-46.2817,169.8464,62.01,65,62,7.36,NZ,1618720257
Pisco,-13.7,-76.2167,66.99,88,86,3.0,PE,1618720258
Praia da Vitória,38.7333,-27.0667,59.0,88,20,8.08,PT,1618720258
Ormara,25.2088,64.6357,81.9,69,64,8.72,PK,1618720259
Margate,51.3813,1.3862,39.0,77,83,1.01,GB,1618720259
Naze,28.3667,129.4833,68.0,49,75,13.8,JP,1618720259
Ciudad del Carmen,18.6333,-91.8333,82.47,84,28,13.67,MX,1618720144
Dingle,10.9995,122.6711,90.01,44,100,14.16,PH,1618720260
Tibati,6.4667,12.6333,67.84,92,100,2.46,CM,1618720260
Visby,57.6409,18.296,43.0,75,83,8.05,SE,1618720148
Henties Bay,-22.116,14.2845,71.56,62,91,5.95,NA,1618720055
Nabire,-3.3667,135.4833,81.09,81,88,2.28,ID,1618720261
Kenai,60.5544,-151.2583,53.6,42,1,8.05,US,1618720262
Sitka,57.0531,-135.33,50.0,66,40,4.85,US,1618720262
Murray Bridge,-35.1167,139.2667,66.99,54,71,5.01,AU,1618720262
Chapais,49.7834,-74.8492,37.4,70,75,1.72,CA,1618720263
Coahuayana Viejo,18.7333,-103.6833,68.34,77,0,2.59,MX,1618720095
Bekovo,52.4663,43.712,48.96,70,0,5.32,RU,1618720263
Poya,-21.35,165.15,80.58,66,61,4.54,NC,1618720264
Sinnamary,5.3833,-52.95,77.45,80,91,13.53,GF,1618720264
Santa Barbara,34.7333,-120.0343,66.0,87,1,3.44,US,1618720265
Dawson Creek,55.7666,-120.2362,42.8,70,40,21.85,CA,1618720210
Ati,13.2154,18.3353,78.42,9,76,10.11,TD,1618720265
Codrington,-38.2667,141.9667,65.57,57,73,14.56,AU,1618720032
Rundu,-17.9333,19.7667,56.55,62,17,6.26,NA,1618720086
Yankton,42.8711,-97.3973,43.0,56,40,8.05,US,1618720266
Tauranga,-37.6861,176.1667,64.0,73,57,1.01,NZ,1618720266
Constitución,-35.3333,-72.4167,55.09,87,100,2.84,CL,1618720267
Port Lincoln,-34.7333,135.8667,66.94,46,31,7.27,AU,1618720044
Deputatsky,69.3,139.9,16.88,83,100,19.48,RU,1618720161
Jackson,42.4165,-122.8345,69.8,23,1,4.61,US,1618720207
Ixtapa,20.7,-105.2,65.84,69,0,3.56,MX,1618720267
Grenfell,-33.9,148.1667,64.87,28,0,5.68,AU,1618720268
Ulladulla,-35.35,150.4667,69.8,52,40,8.05,AU,1618720268
Shimoda,34.6667,138.95,62.6,55,20,18.41,JP,1618720268
Zhangye,38.9342,100.4517,64.22,9,100,1.28,CN,1618720019
Raudeberg,61.9875,5.1352,43.0,65,0,9.84,NO,1618720269
Batagay,67.6333,134.6333,21.65,85,100,6.89,RU,1618720270
Atambua,-9.1061,124.8925,82.29,63,85,3.8,ID,1618720270
Tuatapere,-46.1333,167.6833,57.99,67,87,15.99,NZ,1618720101
Dire Dawa,9.5931,41.8661,74.89,54,79,2.62,ET,1618720270
Hutchinson,38.0608,-97.9298,45.0,87,1,5.75,US,1618720216
Odemira,37.598,-8.6397,57.99,92,100,1.99,PT,1618720271
Palestine,31.9216,35.2033,62.6,63,0,1.14,PS,1618720271
Lorengau,-2.0226,147.2712,85.39,65,67,6.13,PG,1618720109
Salinópolis,-0.6136,-47.3561,77.2,88,99,10.69,BR,1618720272
Sand Springs,36.1398,-96.1089,50.0,76,90,6.6,US,1618720272
Brae,60.3964,-1.353,42.8,75,2,18.41,GB,1618720034
Touros,-5.1989,-35.4608,75.2,94,75,3.44,BR,1618720273
Valdivia,-39.8142,-73.2459,48.2,93,0,4.61,CL,1618720019
Bathsheba,13.2167,-59.5167,78.8,61,20,21.85,BB,1618720274
Ust'-Tarka,55.5672,75.705,44.1,63,100,14.34,RU,1618720274
Toora-Khem,52.4675,96.11,41.05,42,97,1.99,RU,1618720274
Yulara,-25.2406,130.9889,73.4,25,0,16.11,AU,1618720275
Manicoré,-5.8092,-61.3003,73.4,94,75,2.3,BR,1618720275
Jutaí,-5.1833,-68.9,72.57,98,96,1.68,BR,1618720276
Cabo San Lucas,22.8909,-109.9124,71.01,81,1,1.01,MX,1618720276
Cap Malheureux,-19.9842,57.6142,80.01,78,75,5.01,MU,1618720267
Kita,13.0349,-9.4895,79.93,52,51,2.55,ML,1618720277
Sirte,31.2089,16.5887,62.69,87,100,9.91,LY,1618720277
Mitsamiouli,-11.3847,43.2844,78.8,78,20,4.61,KM,1618720278
Burns Lake,54.2331,-125.7533,46.4,53,41,1.14,CA,1618720278
Northampton,40.8754,-75.2499,45.0,83,100,4.03,US,1618720041
Valparaíso,-33.0393,-71.6273,57.0,80,82,6.02,CL,1618720278
Phagwāra,31.2178,75.7694,88.0,35,89,0.72,IN,1618720279
Pevek,69.7008,170.3133,25.43,79,6,19.75,RU,1618720279
Garissa,-0.4536,39.6401,80.94,74,42,14.81,KE,1618720279
Poconé,-16.2567,-56.6228,71.64,91,7,3.09,BR,1618720201
Vestmanna,62.1564,-7.1664,44.6,100,100,23.02,FO,1618720280
Goianápolis,-16.5106,-49.0239,69.8,88,75,4.61,BR,1618720280
Katsuura,35.1333,140.3,69.8,26,20,21.85,JP,1618720281
Kaseda-shirakame,31.4167,130.3167,60.8,36,20,18.41,JP,1618720281
Warri,5.5167,5.75,77.95,91,100,2.08,NG,1618720282
Vila Velha,-20.3297,-40.2925,69.8,94,20,2.3,BR,1618720282
Sur,22.5667,59.5289,87.42,43,87,3.24,OM,1618720282
Claresholm,50.0333,-113.5852,51.01,33,92,8.05,CA,1618720210
Redmond,47.674,-122.1215,63.0,53,1,2.71,US,1618720283
Yar-Sale,66.8333,70.8333,3.36,93,65,11.72,RU,1618720079
Esperance,-33.8667,121.9,75.2,35,75,6.91,AU,1618720283
Hongjiang,27.11,109.9956,58.51,96,100,3.58,CN,1618720284
Am Timan,11.0297,20.2827,79.63,13,100,6.35,TD,1618720096
Lavrentiya,65.5833,-171.0,30.45,90,45,6.91,RU,1618720034
Ola,59.5833,151.2833,31.82,96,100,4.18,RU,1618720284
Santa Inês,-3.6667,-45.38,72.73,96,100,1.41,BR,1618720284
Catumbela,-12.4314,13.5472,78.21,71,22,4.21,AO,1618720285
Okhotsk,59.3833,143.3,30.27,89,98,4.85,RU,1618720285
Gambēla,8.25,34.5833,86.83,36,53,1.32,ET,1618720286
Alappuzha,9.49,76.3264,82.99,75,98,2.95,IN,1618720286
Yumen,40.2833,97.2,61.79,9,100,3.62,CN,1618720179
Makokou,0.5738,12.8642,68.13,96,100,2.13,GA,1618720286
Arkhara,49.4212,130.0842,54.57,42,5,4.88,RU,1618720287
Port Macquarie,-31.4333,152.9167,71.01,63,32,5.99,AU,1618720287
Sturgeon Falls,46.3646,-79.9326,39.99,87,1,2.3,CA,1618720288
Broken Hill,-31.95,141.4333,64.4,39,0,10.36,AU,1618720288
Fortuna,40.5982,-124.1573,48.99,93,90,3.6,US,1618720084
Kailua,21.4022,-157.7394,77.0,64,40,11.5,US,1618720288
Guilin,25.2819,110.2864,64.4,100,90,2.24,CN,1618720289
Mareeba,-17.0,145.4333,82.99,94,90,10.36,AU,1618720289
Khuzhir,53.1939,107.3397,32.77,45,8,8.32,RU,1618720290
Hualmay,-11.0964,-77.6139,66.79,89,74,6.2,PE,1618720290
Ulaanbaatar,47.9077,106.8832,50.0,32,0,15.66,MN,1618720291
Half Moon Bay,37.4636,-122.4286,57.0,93,90,12.66,US,1618720291
Hamilton,39.1834,-84.5333,46.0,81,1,5.75,US,1618720210
Manono,-7.3,27.4167,68.77,90,60,7.4,CD,1618720291
Areosa,41.7178,-8.8571,55.0,71,0,9.22,PT,1618720292
Lotoshino,56.2267,35.6414,44.02,67,40,14.5,RU,1618720292
Jimeta,9.2833,12.4667,78.49,67,100,7.92,NG,1618720233
Burnie,-41.0667,145.9167,61.0,62,65,8.01,AU,1618720293
Beringovskiy,63.05,179.3167,32.29,98,100,9.98,RU,1618720048
Seoul,37.5683,126.9778,59.0,47,20,11.5,KR,1618720037
Namatanai,-3.6667,152.4333,84.88,71,93,15.17,PG,1618720294
Hornepayne,49.2138,-84.7705,32.31,70,43,3.47,CA,1618720294
Ayan,56.45,138.1667,28.38,89,98,4.38,RU,1618720131
Portland,45.5234,-122.6762,68.0,39,1,0.76,US,1618719590
Egvekinot,66.3167,-179.1667,27.7,98,100,10.04,RU,1618720295
Kaeo,-35.1,173.7833,62.01,72,99,3.0,NZ,1618720126
Koslan,63.4564,48.8989,29.35,54,12,7.16,RU,1618720295
Coroico,-16.1889,-67.7271,61.18,97,82,1.05,BO,1618720296
Benguela,-12.5763,13.4055,78.48,71,9,4.88,AO,1618720296
Grindavik,63.8424,-22.4338,33.8,80,75,11.5,IS,1618720039
Broome,42.2506,-75.833,43.0,87,90,3.44,US,1618720297
Vuktyl,63.8567,57.3094,23.43,58,69,11.27,RU,1618720297
Harare,-17.8294,31.0539,50.0,87,99,3.0,ZW,1618720298
Lodja,-3.4833,23.4333,70.57,97,100,3.56,CD,1618720298
Great Yarmouth,52.6083,1.7305,36.0,93,77,4.61,GB,1618720299
Dunkirk,51.05,2.3667,43.0,85,97,1.01,FR,1618720299
Tiznit Province,29.5833,-9.5,58.91,68,3,0.63,MA,1618720299
Ahipara,-35.1667,173.1667,61.21,60,100,5.01,NZ,1618720300
Kruisfontein,-34.0033,24.7314,60.8,29,2,2.66,ZA,1618720300
Zhangzhou,24.5133,117.6556,77.0,41,0,13.42,CN,1618720301
Provideniya,64.3833,-173.3,29.64,93,58,3.74,RU,1618720301
Pachino,36.7186,15.0907,50.0,93,20,3.44,IT,1618720301
Vila Franca do Campo,37.7167,-25.4333,62.6,94,75,11.5,PT,1618720302
Haines Junction,60.7522,-137.5108,48.2,37,11,4.61,CA,1618720302
Nome,64.5011,-165.4064,33.8,69,1,8.05,US,1618720302
Anshun,26.25,105.9333,55.65,94,100,3.56,CN,1618720303
Kuril'sk,45.2333,147.8833,39.33,93,100,27.4,RU,1618720304
Kloulklubed,7.0419,134.2556,86.0,79,75,8.05,PW,1618720304
Jiuquan,39.7432,98.5174,63.19,9,100,3.51,CN,1618720304
Norman Wells,65.282,-126.8329,42.8,49,75,3.44,CA,1618720039
Nanchang,28.6833,115.8833,61.74,64,100,8.08,CN,1618720305
Byron Bay,-28.65,153.6167,71.6,60,64,19.57,AU,1618720305
Carlisle,40.2015,-77.1889,46.0,62,99,4.38,US,1618720306
Nioro,13.35,-15.75,76.35,35,100,3.36,GM,1618720306
Port-Gentil,-0.7193,8.7815,82.65,75,100,4.27,GA,1618720163
Lunca Bradului,46.956,25.1114,34.0,81,97,5.68,RO,1618720307
Balakhta,55.38,91.6,32.13,79,100,9.13,RU,1618720307
Narrabri,-30.3167,149.7833,70.0,42,3,13.8,AU,1618720307
Kathmandu,27.7167,85.3167,71.6,49,20,2.3,NP,1618720242
Listvyanskiy,54.4399,83.4984,39.99,47,100,8.01,RU,1618720308
Kolondiéba,11.0882,-6.8926,76.53,65,99,3.89,ML,1618720308
Obama,35.4958,135.746,55.99,56,87,11.99,JP,1618720308
Ojinaga,29.5667,-104.4167,57.2,38,1,13.8,MX,1618720309
Moalboal,9.9433,123.3992,86.0,70,90,9.01,PH,1618720309
Rivadavia,-33.1905,-68.4608,71.6,56,40,3.44,AR,1618720310
Fairbanks,64.8378,-147.7164,53.6,32,1,6.91,US,1618720310
Eureka,40.8021,-124.1637,48.0,94,3,1.01,US,1618720310
Guerrero Negro,27.9769,-114.0611,58.3,81,0,17.13,MX,1618720296
Hay River,60.8156,-115.7999,35.6,75,95,9.22,CA,1618720311
Labuhan,-6.8844,112.2051,86.07,62,95,2.64,ID,1618720311
Jaisalmer,26.9147,70.9181,93.06,19,0,3.22,IN,1618720312
Takaungu,-3.6837,39.8566,77.0,100,75,12.66,KE,1618720312
Susuman,62.7833,148.1667,30.16,76,100,18.75,RU,1618720313
Miramar,25.9873,-80.2323,77.0,78,1,6.91,US,1618720193
Andenes,69.3143,16.1194,42.01,60,100,13.8,NO,1618720313
Quatre Cocos,-20.2078,57.7625,80.6,78,75,6.91,MU,1618720313
Kirgiz-Miyaki,53.6324,54.7979,48.56,49,1,11.83,RU,1618720314
Kununurra,-15.7667,128.7333,89.6,23,82,11.5,AU,1618720314
Ascension,30.2169,-90.9001,59.0,94,75,10.36,US,1618720315
Hofn,64.2539,-15.2082,43.47,97,100,12.33,IS,1618720040
Erenhot,43.6475,111.9767,65.48,7,4,20.83,CN,1618720315
Virginia Beach,36.8529,-75.978,54.0,71,75,5.75,US,1618720176
Alvarado,18.7667,-95.7667,78.8,83,40,14.97,MX,1618720316
Scottsbluff,41.8666,-103.6672,35.01,75,20,2.59,US,1618720316
Tarrafal,15.2833,-23.7667,68.0,83,20,17.27,CV,1618720316
Saldanha,-33.0117,17.9442,60.8,39,0,7.81,ZA,1618720317
Avera,33.194,-82.5271,62.6,82,90,4.61,US,1618720317
San Blas,21.5167,-105.2667,69.03,75,0,4.05,MX,1618720318
Ca Mau,9.1769,105.15,95.43,42,89,4.07,VN,1618720318
Padang,-0.9492,100.3543,86.0,62,20,5.75,ID,1618720319
Clyde River,70.4692,-68.5914,5.0,92,90,10.36,CA,1618720319
Rosetown,51.5501,-108.0014,46.4,36,100,9.22,CA,1618720319
The Valley,18.217,-63.0578,79.0,89,20,10.36,AI,1618720285
Bonavista,48.6499,-53.1147,35.01,93,100,3.44,CA,1618720320
Windhoek,-22.5594,17.0832,57.0,76,55,14.97,NA,1618720320
Merauke,-8.4667,140.3333,77.68,90,100,3.2,ID,1618720321
Alyangula,-13.8483,136.4192,87.8,51,86,11.5,AU,1618720321
Boa Vista,2.8197,-60.6733,78.8,78,0,5.75,BR,1618720321
Shīeli,44.1667,66.75,73.04,22,34,3.85,KZ,1618720322
Atbasar,51.8,68.3333,56.35,59,9,10.6,KZ,1618720322
Boone,39.0334,-92.3335,48.99,86,88,5.3,US,1618720057
Cranbrook,49.4999,-115.7688,55.4,30,20,9.22,CA,1618720323
Cayenne,4.9333,-52.3333,81.0,89,75,3.44,GF,1618720323
Srednekolymsk,67.45,153.6833,34.2,92,61,14.25,RU,1618720324
Qaqortoq,60.7167,-46.0333,19.4,42,20,2.3,GL,1618720324
Itigi,-5.7,34.4833,63.27,90,99,10.07,TZ,1618720325
Saquena,-4.6667,-73.5167,70.74,98,92,2.1,PE,1618720325
Baghdad,33.3406,44.4009,69.8,35,0,3.44,IQ,1618720325
São Filipe,14.8961,-24.4956,71.58,73,0,10.58,CV,1618720326
Garden City,42.3256,-83.331,48.2,71,20,3.44,US,1618720326
College,64.8569,-147.8028,53.6,40,1,4.61,US,1618720327
San Cristobal,7.7669,-72.225,67.06,84,87,2.51,VE,1618720327
Waddān,29.1614,16.139,73.38,41,100,3.2,LY,1618720328
Lubao,14.9167,120.55,93.2,40,75,9.22,PH,1618720328
Tigil',57.8,158.6667,34.65,99,100,15.46,RU,1618720135
Petrolina,-9.3986,-40.5008,77.0,69,0,4.61,BR,1618720329
Bow Island,49.8668,-111.3684,51.8,30,100,3.44,CA,1618720329
Tsybli,49.9948,31.5628,41.0,93,40,4.47,UA,1618720330
Oranjestad,12.524,-70.027,80.6,83,20,18.41,AW,1618720038
Bukama,-9.2,25.85,66.42,91,42,2.13,CD,1618720330
Charleville-Mézières,49.7667,4.7167,39.99,93,90,5.75,FR,1618720331
Carnot,4.9409,15.8665,68.52,95,100,1.41,CF,1618720331
Nuevo Imperial,-13.0754,-76.3172,71.17,76,89,2.86,PE,1618720331
Sendafa,9.15,39.0333,60.8,63,75,11.5,ET,1618720332
Vanavara,60.34,102.2797,26.17,59,87,9.8,RU,1618720332
Arman',59.7,150.1667,32.16,96,100,0.74,RU,1618720333
Puerto Santander,8.3636,-72.4063,74.05,92,90,1.07,CO,1618720333
Benghazi,32.1167,20.0667,65.75,78,100,16.55,LY,1618720334
Nantucket,41.2835,-70.0995,42.8,87,90,4.61,US,1618720334
Wanaka,-44.7,169.15,51.04,82,100,7.31,NZ,1618720335
Antalaha,-14.9003,50.2788,77.63,85,43,4.18,MG,1618720335
Pangnirtung,66.1451,-65.7125,-0.54,82,18,8.1,CA,1618720336
Paamiut,61.994,-49.6678,12.06,58,7,9.06,GL,1618720337
Goderich,43.7501,-81.7165,41.0,87,35,3.44,CA,1618720337
Celestún,20.8667,-90.4,80.17,80,13,9.95,MX,1618720338
Salalah,17.0151,54.0924,82.4,54,0,3.44,OM,1618720338
Leer,8.3018,30.1418,85.69,43,80,7.34,SS,1618720338
Wajima,37.4,136.9,48.2,76,75,16.11,JP,1618720339
Kedrovyy,56.1667,91.8167,32.0,43,0,8.95,RU,1618720339
Ketchikan,55.3422,-131.6461,50.0,66,1,3.44,US,1618720340
Muroto-misakicho,33.2833,134.15,60.8,39,75,10.36,JP,1618720340
Solnechnyy,50.7214,136.6319,49.5,61,29,3.91,RU,1618720340
Caxito,-8.5785,13.6643,77.0,88,40,6.91,AO,1618720341
Atasū,48.6814,71.6433,62.92,33,70,7.78,KZ,1618720341
Mānsa,29.9833,75.3833,90.75,21,2,5.64,IN,1618720342
Husavik,66.0449,-17.3389,35.6,93,75,2.95,IS,1618720342
Tāybād,34.74,60.7756,67.37,31,60,12.64,IR,1618720342
Lakes Entrance,-37.8811,147.981,68.0,53,9,1.99,AU,1618720342
Florence,43.7667,11.25,43.0,70,0,3.44,IT,1618720062
Resende,-22.4689,-44.4467,65.71,93,100,1.48,BR,1618720343
Boca do Acre,-8.7522,-67.3978,72.12,99,100,1.77,BR,1618720343
Mīnāb,27.1467,57.0801,75.2,73,75,4.61,IR,1618720344
Jaunjelgava,56.6167,25.0833,44.01,64,85,1.99,LV,1618720344
Prince George,53.9166,-122.753,50.0,50,1,4.9,CA,1618720345
Amalāpuram,16.5833,82.0167,87.8,70,40,5.75,IN,1618720345
Chifeng,42.2683,118.9636,70.66,9,0,14.2,CN,1618720346
Beyneu,45.3167,55.2,68.2,26,97,3.06,KZ,1618720346
Brandon,27.9378,-82.2859,77.0,88,90,5.91,US,1618720346
Klaksvík,62.2266,-6.589,44.6,100,100,23.02,FO,1618720111
Havelock,34.8791,-76.9013,55.99,94,1,2.68,US,1618720214
Yerbogachën,61.2767,108.0108,20.23,59,78,12.73,RU,1618720347
Los Palacios,22.5872,-83.2486,72.9,94,44,2.55,CU,1618720347
Aklavik,68.2191,-135.0107,41.0,48,87,3.44,CA,1618720348
Pochutla,15.7432,-96.4661,77.0,82,3,3.0,MX,1618720348
Rocha,-34.4833,-54.3333,59.25,95,83,3.44,UY,1618720349
Honiara,-9.4333,159.95,82.94,82,96,4.41,SB,1618720349
Koumac,-20.5667,164.2833,80.15,70,51,4.21,NC,1618720350
Liuzhou,24.3126,109.3892,65.46,94,100,4.25,CN,1618720350
Anaco,9.4389,-64.4728,77.0,65,54,12.77,VE,1618720350
Vostok,46.4856,135.8833,52.32,34,40,9.73,RU,1618720351
Severnoye,56.3491,78.3619,36.9,91,100,6.67,RU,1618720351
Changping,40.2186,116.2197,73.0,18,0,8.95,CN,1618720352
Cervo,43.6702,-7.4101,28.99,100,44,1.99,ES,1618720352
Oranjemund,-28.55,16.4333,73.6,38,3,3.13,NA,1618720352
Kalinin,47.2468,39.5109,41.0,93,0,2.24,RU,1618720353
Aci Castello,37.5583,15.1346,55.0,100,40,4.61,IT,1618720353
La Ronge,55.1001,-105.2842,33.8,60,97,6.91,CA,1618720354
Isoka,-10.1606,32.6335,58.03,94,97,5.26,ZM,1618720221
Neuquén,-38.9516,-68.0591,55.4,76,0,6.33,AR,1618720354
Port Said,31.2565,32.2841,69.8,60,0,8.05,EG,1618720355
Yenagoa,4.9247,6.2642,77.85,91,100,3.22,NG,1618720168
North Myrtle Beach,33.816,-78.68,64.0,77,1,8.05,US,1618720355
Badvel,14.75,79.05,91.4,58,4,3.44,IN,1618720356
Riyadh,24.6877,46.7219,71.6,24,0,5.75,SA,1618720136
Patea,-39.7583,174.4833,62.01,79,85,8.01,NZ,1618720356
Pushkino,56.0172,37.8667,44.6,42,0,13.42,RU,1618720357
Belmonte,-15.8631,-38.8828,69.8,88,0,3.44,BR,1618720088
Fort Nelson,58.8053,-122.7002,37.4,93,75,4.61,CA,1618720074
Weligama,5.9667,80.4167,80.15,81,100,4.05,LK,1618720357
Mildura,-34.2,142.15,66.99,42,90,6.91,AU,1618720358
Turukhansk,65.8167,87.9833,13.19,77,91,8.99,RU,1618720358
Asău,46.4333,26.4,43.0,53,86,3.8,RO,1618720359
Poum,-20.2333,164.0167,79.74,71,13,11.61,NC,1618720359
Panguna,-6.3164,155.4848,77.14,83,99,2.39,PG,1618720359
Batemans Bay,-35.7167,150.1833,66.99,65,15,5.99,AU,1618720360
Los Llanos de Aridane,28.6585,-17.9182,66.2,63,90,11.5,ES,1618720360
Careiro da Várzea,-3.2003,-59.8119,78.8,100,75,2.3,BR,1618720361
Esim,4.8699,-2.2405,79.81,82,98,5.64,GH,1618720361
Kaa-Khem,51.6833,94.7333,46.42,27,18,2.55,RU,1618720362
Boussé,12.6606,-1.8922,87.8,40,0,8.05,BF,1618720362
Apomu,7.3333,4.1833,73.58,97,99,0.96,NG,1618720363
Mūdbidri,13.0833,74.9833,87.8,70,40,4.61,IN,1618720112
Muzaffargarh,30.0754,71.1921,80.6,54,0,4.61,PK,1618720363
Talnakh,69.4865,88.3972,-6.12,86,34,3.83,RU,1618720364
Sai Buri,6.7013,101.6168,89.6,62,20,9.22,TH,1618720364
Puerto Colombia,10.9878,-74.9547,80.6,83,0,6.91,CO,1618720364
Krutinka,56.0055,71.5113,42.35,68,100,15.66,RU,1618720365
Chanika,-5.4167,38.0167,68.59,94,93,6.33,TZ,1618720365
Polyarny,69.1989,33.4478,30.2,100,91,6.67,RU,1618720366
Lianran,24.9227,102.485,73.0,59,40,11.18,CN,1618720366
Pionerskiy,54.9508,20.2275,46.0,93,96,2.24,RU,1618720366
Nakatsu,33.5981,131.1883,59.0,47,40,24.16,JP,1618720367
Severo-Kuril'sk,50.6789,156.125,36.97,65,100,11.1,RU,1618720367
Dunmore Town,25.5,-76.65,76.98,85,7,11.32,BS,1618720367
Nanortalik,60.1432,-45.2371,24.58,52,0,22.73,GL,1618720368
Bengkulu,-3.8004,102.2655,83.75,65,91,5.37,ID,1618720368
Dalvik,65.9702,-18.5286,35.6,93,75,4.83,IS,1618720368
Whyalla,-33.0333,137.5833,66.2,59,90,8.05,AU,1618720261
Kondinskoye,59.6481,67.41,21.49,53,100,21.32,RU,1618720369
Alanya,36.5438,31.9998,75.0,63,75,3.44,TR,1618720369
Seryshevo,51.0933,128.3786,56.75,33,0,13.2,RU,1618720370
Leshukonskoye,64.8989,45.7622,28.08,53,27,6.17,RU,1618720370
Oriximiná,-1.7656,-55.8661,73.45,95,83,1.66,BR,1618720371
Kokopo,-4.352,152.2633,81.73,78,84,4.81,PG,1618720371
Stowe,40.2526,-75.6774,46.99,71,90,4.41,US,1618720372
Palmer,42.1584,-72.3287,41.0,87,90,1.21,US,1618720244
Chul'man,56.8479,124.9104,28.44,92,100,12.8,RU,1618720372
Waipawa,-41.4122,175.5153,62.6,59,8,17.27,NZ,1618720372
Ostrovnoy,68.0531,39.5131,29.37,75,97,11.81,RU,1618720373
Izumo,35.3667,132.7667,50.0,71,75,28.77,JP,1618720373
La Santisima Trinidad,-14.8333,-64.9,72.86,96,74,2.06,BO,1618720373
Trofors,65.5333,13.4063,39.2,75,61,4.61,NO,1618720374
Brownsville,25.9018,-97.4975,62.6,77,90,9.22,US,1618720374
Hailar,49.2,119.7,44.65,66,6,9.31,CN,1618720375
Rudnaya Pristan',44.3614,135.8116,48.58,60,100,9.78,RU,1618720375
Nālūt,30.3333,10.85,57.36,70,100,13.98,LY,1618720376
Khāsh,28.2211,61.2158,73.35,16,100,8.03,IR,1618720376
Morros,-9.4467,-46.3003,72.99,79,100,2.3,BR,1618720376
Vallenar,-28.5708,-70.7581,62.01,74,0,1.12,CL,1618720377
Vestmannaeyjar,63.4427,-20.2734,39.47,62,100,23.78,IS,1618720077
Terrace,54.5163,-128.6035,55.4,44,20,8.05,CA,1618720210
Okha,53.5739,142.9478,36.61,93,82,2.06,RU,1618720377
Mahemdāvād,22.8333,72.7667,91.4,31,2,5.75,IN,1618720378
Port Augusta,-32.5,137.7667,66.2,59,90,8.05,AU,1618720378
Saint-Pierre,-21.3393,55.4781,75.2,83,90,5.75,RE,1618720379
Ürümqi,43.801,87.6005,64.4,34,0,4.47,CN,1618720379
Zeya,53.75,127.2667,54.37,43,99,10.22,RU,1618720380
Garoowe,8.4054,48.4845,78.17,64,5,9.95,SO,1618720380
Cēsis,57.3119,25.2746,44.01,64,81,1.99,LV,1618720381
Manggar,-2.8833,108.2667,86.81,58,100,4.94,ID,1618720381
Alta Floresta,-9.8756,-56.0861,69.4,98,100,2.86,BR,1618720381
Itoman,26.1247,127.6694,69.8,52,20,24.16,JP,1618720091
Torit,4.4133,32.5678,77.16,63,100,2.39,SS,1618720382
Alcácer do Sal,38.3733,-8.5144,57.99,87,0,2.3,PT,1618720382
Grande Prairie,55.1667,-118.8027,44.6,61,75,13.8,CA,1618720383
San Vicente,-26.6167,-54.1333,58.05,91,13,3.15,AR,1618720383
Lábrea,-7.2586,-64.7981,73.15,99,100,2.04,BR,1618720384
Prince Rupert,54.3161,-130.3201,53.6,58,1,3.44,CA,1618720384
Leningradskiy,69.3833,178.4167,35.04,81,100,7.65,RU,1618720154
Sevierville,35.8681,-83.5618,55.4,54,90,0.67,US,1618720217
Sambava,-14.2667,50.1667,79.27,79,42,6.42,MG,1618720385
Ilula,-7.6766,36.0366,62.6,67,20,8.05,TZ,1618720385
Glendive,47.1053,-104.7125,39.2,48,1,6.91,US,1618720385
Sheboygan,43.7333,-87.9334,39.0,80,1,3.06,US,1618720386
Herat Province,34.5,62.0,68.0,30,0,5.75,AF,1618720386
Banjar,-8.19,114.9675,87.8,74,40,9.22,ID,1618720387
Le Mans,48.0,0.2,39.2,75,0,3.44,FR,1618720387
Mahina,-17.5065,-149.489,84.0,74,20,8.05,PF,1618720387
Yenotayevka,47.2456,47.0281,53.94,66,100,6.46,RU,1618720388
Hambantota,6.1241,81.1185,86.0,79,40,11.5,LK,1618720388
Soyo,-6.1349,12.3689,78.44,86,100,4.12,AO,1618720388
Lira,2.235,32.9097,70.45,78,82,3.04,UG,1618720389
Jingdezhen,29.2947,117.2079,69.71,44,100,3.4,CN,1618720389
Mongo,12.1844,18.693,83.19,8,89,7.87,TD,1618720390
Lagos de Moreno,21.35,-101.9167,71.6,10,1,4.61,MX,1618720390
Santa Isabel,-23.3156,-46.2214,68.0,94,75,3.44,BR,1618720391
Tumut,-35.3,148.2167,66.2,37,5,5.75,AU,1618720391
Kidal,18.4411,1.4078,80.58,20,74,11.88,ML,1618720391
Paita,-5.0892,-81.1144,69.53,78,95,9.95,PE,1618720392
Nueve de Julio,-35.4444,-60.8831,63.0,83,32,4.0,AR,1618720267
Presidencia Roque Sáenz Peña,-26.7852,-60.4388,69.01,89,31,5.28,AR,1618720392
Coswig,51.1333,13.5833,43.0,81,90,4.61,DE,1618720393
Port Moresby,-9.4431,147.1797,86.0,74,75,9.22,PG,1618720393
Suez,29.9737,32.5263,78.75,24,0,1.32,EG,1618720393
Haileybury,47.449,-79.6373,46.4,57,90,9.22,CA,1618720394
Damietta,31.4165,31.8133,69.8,60,0,8.05,EG,1618720394
Ubari,26.5921,12.7805,77.09,26,100,3.33,LY,1618720395
Daru,-9.0763,143.2092,85.78,69,93,4.21,PG,1618720395
Hasaki,35.7333,140.8333,68.0,34,40,14.97,JP,1618720395
Lodwar,3.1191,35.5973,83.97,48,77,19.55,KE,1618720396
Ballina,-28.8667,153.5667,71.6,60,81,19.57,AU,1618720396
Praia,14.9215,-23.5087,68.0,83,20,17.27,CV,1618720397
Kūhdasht,33.535,47.6061,46.4,71,20,4.61,IR,1618720397
Penzance,50.1186,-5.5371,35.6,87,100,8.05,GB,1618720397
Khamānon Kalān,30.8186,76.3508,88.0,34,75,2.3,IN,1618720398
Cherëmukhovo,60.3484,59.9851,26.06,64,98,12.91,RU,1618720398
Etah,27.6333,78.6667,92.37,19,0,7.58,IN,1618720398
Āsosa,10.0667,34.5333,76.68,13,11,2.13,ET,1618720399
Kayerkan,69.3497,87.7602,-9.11,91,53,5.14,RU,1618720399
Tiruchchendur,8.4833,78.1167,86.0,70,20,3.44,IN,1618720400
Kafue,-15.7691,28.1814,60.8,82,75,9.22,ZM,1618720400
Ratlām,23.3167,75.0667,94.75,18,0,12.28,IN,1618720401
Flagstaff,35.1981,-111.6513,41.0,44,75,3.44,US,1618720401
Trairi,-3.2778,-39.2689,74.52,92,22,5.23,BR,1618720401
Fukuechō,32.6881,128.8419,57.2,58,40,17.27,JP,1618720402
Yārāda,17.65,83.2667,87.49,61,0,10.25,IN,1618720402
Leh,34.1667,77.5833,38.39,50,99,6.17,IN,1618720390
Mattru,7.6244,-11.8332,75.15,92,97,2.28,SL,1618720402
Pinega,64.7001,43.3936,30.76,48,55,6.64,RU,1618720403
Lake Havasu City,34.4839,-114.3224,73.4,13,1,13.8,US,1618720403
San Quintín,30.4833,-115.95,56.82,85,0,8.68,MX,1618720404
Aykhal,66.0,111.5,7.39,87,100,17.45,RU,1618720395
Bocana de Paiwas,12.7857,-85.1227,73.87,92,97,2.01,NI,1618720404
La Ciotat,43.1748,5.6045,46.99,88,100,7.34,FR,1618720404
